version,label,type,statement_short,lean_file,reference_vector_exercised,status
v1,(pre-formal),none,"v1 'The Loop Is the Product' — narrative paper, no formal theorem environments; introduces bounded recursion as audit primitive.",,,pre-formal
v2,(no formal blocks),none,v2: no explicit theorem/axiom blocks detected; prose/empirical paper.,,,informal
v3,2. Definition,definition,"2. Definition — Let \(\mathbf{x} = (x_1, \dots, x_9) \in [0,1]^9\) be the runtime axis scores at a given step, and \(\mathbf{w} = (w_1, \dots, w_9)\) be a non-negative weight vector with \(\sum w_i = ",,?,
v3,A1,axiom,"Monotonicity — > For every \(i \in \{1, \dots, 9\}\) and every \(\mathbf{x} \in [0,1]^9\), if \(x_i' \geq x_i\) then \(\Lambda(\mathbf{x}'; \mathbf{w}) \geq \Lambda(\mathbf{x}; \mathbf{w})\), where \(",Lutar/Thesis/TH_V18_01_LambdaMonotonicity.lean,Y,numerical-witness
v3,A2,axiom,"Zero-pinning — > If there exists \(i\) with \(x_i = 0\) and \(w_i > 0\), then \(\Lambda(\mathbf{x}; \mathbf{w}) = 0\). Conversely, if \(x_i = 0\) but \(w_i = 0\), then axis \(i\) is degenerate and doe",Lutar/Invariant.lean (A2),Y,numerical-witness
v3,A3,axiom,"Egyptian inspectability — > The standard weight set is a multiset of unit fractions \(\{1/n_k\}\) with each \(n_k\) a positive integer, summing exactly to 1 in rational arithmetic. The aggregator \(\L",Lutar/Egyptian.lean,Y,numerical-witness
v3,A4,axiom,"Page-curve concavity — > \(\Lambda\) is concave on the positive orthant \((0,1]^9\). Equivalently, for any two points \(\mathbf{a}, \mathbf{b} \in (0,1]^9\) and any \(t \in [0,1]\),",Lutar/Lambda/SchurConcave.lean (A4 concavity),N,numerical-witness
v4,(no formal blocks),none,v4: no explicit theorem/axiom blocks detected; prose/empirical paper.,,,informal
v5,(no formal blocks),none,v5: no explicit theorem/axiom blocks detected; prose/empirical paper.,,,informal
v6,(no formal blocks),none,v6: no explicit theorem/axiom blocks detected; prose/empirical paper.,,,informal
v7,(no formal blocks),none,v7: no explicit theorem/axiom blocks detected; prose/empirical paper.,,,informal
v8,(no formal blocks),none,v8: no explicit theorem/axiom blocks detected; prose/empirical paper.,,,informal
v9,(no formal blocks),none,v9: no explicit theorem/axiom blocks detected; prose/empirical paper.,,,informal
v10,2.4 Closure theorem,theorem,"2.4 Closure theorem — **Theorem (Λ₁₀ closure).** ρ(ℒ, M) = 1 ⇔ auditClosed(M).",,?,
v10,theorem:(Λ₁₀ closure).,theorem,"(Λ₁₀ closure). — *Proof.* (⇐) If every M_{k,j} = 1 then ∏_j M_{k,j} = 1 for all k, so A_k = L_k and Σ A_k = Σ L_k.",,?,
v11,2.1 Definition,definition,"2.1 Definition — Fix a finite ordered set of *layers* L = {L₁, …, L_n}; in the runtime under study, these are the published versions of the Lutar family that have shipped routes, so n = 7 with layers ",,?,
v11,2.2 Closure theorem,theorem,"2.2 Closure theorem — **Theorem (closure).** *Assume L_k > 0 for every k. Then ρ = 1 if and only if M_{k,j} = 1 for every (k, j).*",,?,
v11,theorem:(closure).,theorem,"(closure). — **Proof.** *(⇐)* If every M_{k,j} = 1, then ∏ M_{k,j} = 1 for every k, so A_k = L_k and Σ A_k = Σ L_k, hence ρ = 1.",,?,
v11,4.5 Underlying axiom-suite evidence,axiom,"4.5 Underlying axiom-suite evidence — The audit operator depends on the soundness of the Λ invariant (v1 through v9) it audits. At commit `6c5c28366`, the consolidated test surface reports:",Lutar/QEC/KitaevSurface.lean,N,
v12,3.1 Definition,definition,"3.1 Definition — Let `k ≥ 1` and let `x = (x₁, ..., x_k) ∈ [0,1]^k` be a vector of runtime-trust axes. The **Lutar invariant of order k** is",,?,
v12,3.3 Theorem 1 (Uniqueness),theorem,"3.3 Theorem 1 (Uniqueness) — > **Theorem 1.** Let `Λ, Λ' : [0,1]^k → [0,1]` both satisfy A1–A4. Then `Λ = Λ'`.",Lutar/Uniqueness.lean (axiom; Conjecture 1),N,
v12,4.2 Theorem 2 (Tamper-evidence),theorem,4.2 Theorem 2 (Tamper-evidence) — > **Theorem 2.** Forging an undetected modification of receipt `R_i` for `i < n` requires producing a SHA-256 second-preimage. The receipt-chain attack model reduces ,,?,
v13,theorem:(Leaf Collision Resistance).,theorem,"(Leaf Collision Resistance). — **Theorem 2 (Monotone Insertion).** *If a log is append-only (new layers are only appended, no layer is removed or modified), then for any two snapshots at tree sizes \(",Lutar/Thesis/TH_V18_01_LambdaMonotonicity.lean,Y,
v13,theorem:(Monotone Insertion).,theorem,"(Monotone Insertion). — **Theorem 3 (Window Unforgeability).** *Under the binding property of the Merkle accumulator, no PPT adversary can produce a valid closure receipt for action sequence \( a_1, \",Lutar/Thesis/TH_V18_01_LambdaMonotonicity.lean,Y,
v13,theorem:(Window Unforgeability).,theorem,(Window Unforgeability). — ---,,?,
v13,2.2 RefVectors.lean — Runtime Parity The,theorem,"2.2 RefVectors.lean — Runtime Parity Theorem — `RefVectors.lean` [INTERNAL: RefVectors.lean, SHA 0f8189cc21d5d436d9bd3726075212dfe857abee, github.com/szl-holdings/lutar-lean] is a Lean 4 module that o",,?,
v13,"theorem:(Closure Dominance, Conjecture",theorem,"(Closure Dominance, Conjecture). — **The Self-Grading Loop as Revelation Mechanism:** The `evaluate-all` endpoint provides the revelation mechanism: before `submit_result`, the agent POSTs its own out","Lutar/DPOFeasibility.lean (TH12, 3 sorry)",N,
v14,II.1,definition,For k ≥ 1 and x : Fin k → ℝ≥0:,,?,
v14,II.1,theorem,For k > 0:,,?,
v14,II.3,theorem,"For k ≥ 1 and x ≤ y pointwise, Λ_k(x) ≤ Λ_k(y).",,?,
v14,II.4,theorem,For k ≥ 1 and x : Fin k → ℝ≥0:,,?,
v14,II.4a,corollary,"If all axis scores ≤ 1, then Λ_k(x) ≤ 1. Proof: immediate from upper bound theorem. This closes SORRY_v16_OPEN[4] proactively.",,?,
v14,II.5,axiom,"Λ_k is Schur-concave on (ℝ≥0)^k: if y majorizes x (more uniform), then Λ_k(y) ≥ Λ_k(x).",Lutar/Lambda/SchurConcave.lean,N,
v14,III.3,theorem,For k ≥ 1 and c : ℝ≥0:,,?,
v14,III.4a,theorem,For k ≥ 1:,,?,
v14,III.4b,theorem,"If k × (1/ n) = 1 then n = k. Proof: exact_mod_cast. Lean file: Lutar/Egyptian.lean, main branch.",Lutar/Egyptian.lean,Y,
v14,III.4c,theorem,"The uniform weight vector (1/k, …, 1/k) on k axes sums to 1 — it is a probability vector. This connects A3 to the information-theoretic principle: the uniform distribution is the maximum-entropy prior",Lutar/Egyptian.lean (A3),Y,
v14,VII.2a,theorem,Any NCHV function f satisfying ExactlyOnePerContext has zero inconsistencies under the soundness measure.,,?,
v14,VII.2b,theorem,Every vector v ∈ Fin 18 appears in exactly 2 of the 9 Cabello contexts. Proved by decide over the explicit finite list.,,?,
v14,VII.2c,theorem,For any NCHV function f:,,?,
v14,VII.2d,theorem,No NCHV function exists for the Cabello 18/9 structure.,,?,
v14,VII.2e,theorem,"No agent response can have zero inconsistencies under the Cabello structure: ∀ f : NCHV, ¬ ExactlyOnePerContext f.",,?,
v14,IX.1,theorem,"For any output with all violation flags false, the P_moral predicate holds: ¬ violates output → P_moral output. Proved by simp [violates] + hFlags. Lean file: Lutar/DoctrineV3/ MoralGrounding.lean, ma",,?,
v14,IX.1b,theorem,P_moral iff all six HarmCategory flags are false. Case-split over 6 HarmCategory constructors. Zero sorry.,,?,
v14,IX.2,theorem,A receipt slot is either verified or markedUnverifiable — there is no third category. Proved by cases r on the two-constructor inductive type ReceiptSlot. Zero sorry. Lean file: Lutar/DoctrineV3/ Meas,,?,
v15,II.1,definition,For k ≥ 1 and x : Fin k → ℝ≥0:,,?,
v15,II.1,theorem,Λ k x = (Finset.univ.prod x) ^ (1/k) for k > 0. Operational counterpart: ouroboros/runtime/lambda-gate/src/gate.ts.,,?,
v15,IX.2,definition,A KhipuReceipt is a structure with: - decisions : List ℕ — the pendant cord values (one per agent decision in the chain) - checksum : ℕ — the summation-cord value (the root of the DAG) - Invariant: ch,Lutar/Khipu/SummationInvariant.lean (TH11),N,
v15,IX.3a,theorem,"pendantValue_def unfolds the pendant value formula. Lean file: Lutar/ Khipu/SummationInvariant.lean, main branch.",Lutar/Khipu/SummationInvariant.lean (TH11),N,
v15,IX.3b,theorem,The root value equals the sum of pendant values. Zero sorry.,,?,
v15,IX.3c,theorem,Empty khipu has root value 0. Zero sorry.,Lutar/Khipu/SummationInvariant.lean (TH11),N,
v15,IX.3d,theorem,A khipu with one pendant has root value equal to that pendant. Zero sorry.,Lutar/Khipu/SummationInvariant.lean (TH11),N,
v15,IX.3e,theorem,"If any pendant is modified by δ > 0, the checksum changes:",Lutar/Khipu/SummationInvariant.lean (TH11),N,
v15,IX.3f,theorem,Extends IX.3e to negative δ (ℤ arithmetic). Requires Int.add_left_cancel and List.sum over ℤ-valued lists. v16 obligation.,,?,
v15,X.3,theorem,"The Catoni (2007) PAC-Bayes bound (1/(1 − λ/2)) · (r + kl/(λn)) is monotone in KL. Proof: mul_le_mul_of_nonneg_left + add_le_add_left + div_le_div_right. Citation: Catoni (2007), IMS Monograph Series ",Lutar/Thesis/TH_V18_01_LambdaMonotonicity.lean,Y,
v16,II.1,definition,For k ≥ 1 and x : Fin k → ℝ≥0:,,?,
v16,II.1,theorem,"Λ k x = (Finset.univ.prod x) ^ (1/k) for k > 0. Proof: simp [Λ, hk.ne']. Operational counterpart: ouroboros/runtime/lambda-gate/src/gate.ts.",,?,
v16,II.3,theorem,For k ≥ 1 and x ≤ y pointwise: Λ_k(x) ≤ Λ_k(y).,,?,
v16,II.4,theorem,For k ≥ 1:,,?,
v16,II.4a,corollary,"If all axes ≤ 1, then Λ_k(x) ≤ 1. Closes SORRY_v16_OPEN[4] proactively. Citation: Hardy, Littlewood, and Pólya (1934), §2.10. §II.5 Schur-Concavity (V16-T6 — Honest Axiom)",Lutar/Lambda/SchurConcave.lean,N,
v16,II.5,axiom,"Λ_k is Schur-concave on (ℝ≥0)^k: if y majorizes x, then Λ_k(y) ≥ Λ_k(x). Honest axiom; Mathlib4 majorization API incomplete as of v4.13.0. Proof route: Marshall-Olkin- Arnold 2011,",Lutar/Lambda/SchurConcave.lean,N,
v16,III.3a,theorem,∑_{i : Fin k} (1/k : ℝ) = 1. By Finset.sum_const + Finset.card_fin + field_simp.,,?,
v16,III.3b,theorem,"The uniform weight vector (1/k, …, 1/k) is a probability vector. Governance significance: the A3 weights are the maximum- entropy prior — no axis is assumed to dominate any other. Any deviation from 1",Lutar/Egyptian.lean (A3),Y,
v16,VI.1,theorem,No non-contextual hidden-variable function exists for the Cabello 18/9 structure.,,?,
v16,IX.1,theorem,The sum of the six Horus-Eye fractions equals 63/64:,,?,
v16,IX.2,theorem,"For integers a, b, c, d:",,?,
v16,IX.3,theorem,"The Babylonian iteration T(x) = (x + 2/x)/2 is a Banach contraction on the interval [1, 2]:",,?,
v16,IX.4,theorem,The Liu Hui sequence is monotone increasing and bounded above by π. Sorry deferred to Mathlib monotone convergence API naming uncertainty. Mathematical truth: TRUE (alternating-series / monotone-conve,Lutar/Thesis/TH_V18_01_LambdaMonotonicity.lean,Y,
v16,IX.5,theorem,Theorem Status madhavaRemainderBound_nonneg PROVED zero-sorry madhavaRemainderBound_at_zero PROVED zero-sorry madhavaRemainderBound_anti PROVED zero-sorry (linarith) SORRY-TAGGED (~16h; Mathlib madhav,,?,
v16,IX.6,theorem,The nine governance axis denominators divide 60⁸. This establishes that the nine-axis weight scheme is regular in the Babylonian sexagesimal number system — a bridge between the ancient base-60 tradit,,?,
v16,X.2,theorem,"The Catoni (2007) PAC-Bayes bound (1/(1 − λ/2)) · (r + kl/(λn)) is monotone in KL. Proof: mul_le_mul_of_nonneg_left + add_le_add_left + div_le_div_right. Citation: Catoni (2007), DOI:10.1214/074921707",Lutar/Thesis/TH_V18_01_LambdaMonotonicity.lean,Y,
v16,XI.2,theorem,"For any δ : ℤ, δ =≠ 0: checksum(tamper(r, i, δ)) =≠ checksum(r). Proof route: extend pendant value to ℤ; checksumZ r’ = checksumZ r + δ; δ =≠ 0 → inequality. Requires List.sum_set or manual induction ",Lutar/Khipu/SummationInvariant.lean (TH11),N,
v16,XIII.2,theorem,HUKLLA ∧ OVERWATCH ∧ DPI → governanceAllow.,Lutar/DPI/TH6_DPI_Soundness.lean (TH6),N,
v17,1,theorem,2^{-l_i}\) kraft_inequality_doctrine,Lutar/Thesis/TH_V18_03_KraftInequality.lean,N,
v18,thm:lambda-bound,theorem,"For all \(k \geq 0\) and all \(\mathbf{s} \in [0,1]^n\): \[ \min_i s_i \;\leq\; \Lambda_k(\mathbf{s}) \;\leq\; \max_i s_i. \]",Lutar/Bound.lean,Y,
v18,thm:schur,theorem,"The two-axis \(\Lambda\)-score is Schur-concave: for all \(\mathbf{s}, \mathbf{t} \in [0,1]^2\) with \(\mathbf{s}\) majorised by \(\mathbf{t}\), \[ \Lambda_k(\mathbf{s}) \;\geq\; \Lambda_k(\mathbf{t})",Lutar/Lambda/SchurConcave.lean,N,
v18,def:receipt,definition,"A \emph{governance receipt} \(\rho\) is a tuple \(\rho = (\tau, \lambda, \mathbf{a}, \mathbf{w}, \sigma)\) where: \begin{itemize} \item \(\tau\) is a monotone timestamp (Unix epoch, millisecond precis",Lutar/Thesis/TH_V18_01_LambdaMonotonicity.lean,Y,
v18,thm:unique-aggregator,theorem,"Under axioms \textup{A1--A4}, the unique aggregator is the \emph{geometric mean}: \begin{equation} \Lambda_k(x) \;=\; \Bigl(\prod_{i=1}^{k} x_i\Bigr)^{1/k}. \end{equation} \textup{Lean module:} \textt",Lutar/Invariant.lean,Y,
v18,thm:lambda-upper,theorem,"For every $k > 0$ and $x \in \mathcal{A}_k$: \begin{equation} \Lambda_k(x) \;\le\; \max_{i \in [k]} x_i. \end{equation} \textup{Lean:} \texttt{Lutar/Bound.lean}, \texttt{Lambda\_le\_max}, line~31. \te",,?,
v18,thm:lambda-lower,theorem,"For every $k > 0$ and $x \in \mathcal{A}_k$: \begin{equation} \min_{i \in [k]} x_i \;\le\; \Lambda_k(x). \end{equation} \textup{Lean:} \texttt{Lutar/Bound.lean}, \texttt{min\_le\_\(\Lambda\)}, line~73",,?,
v18,thm:lambda-monotone,theorem,"The geometric-mean aggregator satisfies $\Lambda$-monotone composition: if composed output scores $z_i \ge \min(x_i, y_i)$ componentwise, then $\Lambda(z) \ge \Lambda(x) \wedge \Lambda(y)$. \textup{Le",Lutar/Thesis/TH_V18_01_LambdaMonotonicity.lean,Y,
v18,thm:graph-lambda-le-one,theorem,For any \texttt{GraphExecution} $e$: \begin{equation} \Lambda_{\mathrm{graph}}(e) \;:=\; \Bigl(\prod_{v \in V(e)} \Lambda_9(\mathrm{scores}(v))\Bigr)^{1/|V(e)|} \;\le\; 1. \end{equation} \textup{Lean:,,?,
v18,thm:graph-automorphism,theorem,For any $\Lambda$-preserving graph automorphism $\varphi$: \begin{equation} \Lambda_{\mathrm{graph}}(e) \;=\; \Lambda_{\mathrm{graph}}(\varphi \cdot e). \end{equation} \textup{Lean:} \texttt{Lutar/Gra,,?,
v18,thm:total-order,theorem,"The set $\mathcal{R}^*$ of all Ouroboros receipts, ordered by hash-chain precedence $r \prec r'$, forms a \emph{total order}. \textup{Lean:} \texttt{Lutar/SBOMProvenance.lean} (theorem \texttt{sbom\_l",,?,
v18,thm:wheeler-coherence,theorem,Every receipt $r \in \mathcal{R}^*$ satisfies $\Lambda(r) \ge \tau_{\min}$ (the Doctrine~v6 gate threshold). \textup{Doctrine:} v17 Wheeler closure (DOI~\cite{LutarThesisV17}). \textup{Invariant:} \te,Lutar/Wheeler/DelayedChoiceClosure.lean,N,
v18,thm:fibre-injectivity,theorem,"The functor $\mathcal{F} \colon \mathcal{R}^* \to \mathrm{Hash}$ sending each receipt to its hash is injective on objects (i.e., two distinct receipts with the same output hash collide SHA-256). \text",,?,
v18,thm:two-witness-soundness,theorem,\begin{equation} \mathrm{ExactlyOnePerContext}(f) \;\implies\; \mathrm{inconsistencies}(f) = 0 \;\wedge\; \mathrm{anomalyFlag}(f) = \mathrm{CLASSICAL}. \end{equation} \textup{Lean:} \texttt{Lutar/TwoW,Lutar/TwoWitness.lean (KS-18),N,
v18,thm:no-nchv,theorem,"\begin{equation} \forall\, f \colon \mathrm{Fin}\,18 \to \mathrm{Bool},\; \mathrm{ExactlyOnePerContext}(f) \implies \bot. \end{equation} \textup{Lean:} \texttt{Lutar/TwoWitness.lean}, \texttt{no\_NCHV",,?,
v18,thm:precision-bound,theorem,"For two independent witnesses with empirical risks $\hat{R}_1, \hat{R}_2$ over $m$ i.i.d.\ samples: \begin{equation} \Pr\bigl[|\hat{R}_1 - \hat{R}_2| > \varepsilon\bigr] \;\le\; 2\exp\!\bigl(-2m\varep",,?,
v18,thm:pac-bayes-mono,theorem,"For $\mathrm{KL}_1 \le \mathrm{KL}_2$: \begin{equation} \mathrm{pacBayesBound}(\hat{R}, \mathrm{KL}_1, n, \delta) \;\le\; \mathrm{pacBayesBound}(\hat{R}, \mathrm{KL}_2, n, \delta). \end{equation} \tex",Lutar/PACBayes.lean (TH13),N,
v18,thm:pac-bayes-main,theorem,"With probability at least $1 - \delta$ over $S \sim D^n$: \begin{equation} R(Q) \;\le\; \hat{R}_S(Q) + \mathrm{slack}(Q,P,n,\delta). \end{equation} \textup{Lean:} \texttt{Lutar/PACBayes.lean}, \texttt",Lutar/PACBayes.lean (TH13),N,
v18,thm:dpo-stability,theorem,"Under a DPO update~\cite{Rafailov2023} from $\pi$ to $\pi'$: \begin{equation} |\lambda_i(\pi') - \lambda_i(\pi)| \;\le\; 2 \cdot \mathrm{TV}(\pi', \pi). \end{equation} \textup{Lean:} \texttt{Lutar/DPO","Lutar/DPOFeasibility.lean (TH12, 3 sorry)",N,
v18,thm:zero-kl,theorem,"$\mathrm{KL}(\pi' \Vert \pi) = 0 \implies \Lambda_9(\pi') = \Lambda_9(\pi)$. \textup{Lean:} \texttt{Lutar/DPOFeasibility.lean}, \texttt{pinsker\_coords\_eq\_of\_kl\_zero}. \textup{Status:} kernel-veri","Lutar/DPOFeasibility.lean (TH12, 3 sorry)",N,
v18,thm:graph-pac-bayes,theorem,"Let $e$ be a \texttt{GraphExecution} with $|V|$ vertices. With probability $\ge 1 - \delta$: \begin{equation} R_{\mathrm{graph}}(Q) \;\le\; \hat{R}_{\mathrm{graph}}(Q) + |V| \cdot \mathrm{slack}(Q, P,",Lutar/PACBayes.lean (TH13),N,
v18,thm:cursor-bench-bound,theorem,"For an agentic evaluator executing $T$ tool calls per episode, each $\Lambda$-gated: \begin{equation} R_{\mathrm{episode}}(Q) \;\le\; \hat{R}_{\mathrm{episode}}(Q) + T \cdot \mathrm{slack}(Q, P, n/T, ",,?,
v18,thm:path-integral,theorem,$Z_{\mathrm{audit}}$ is finite and monotone-decreasing: \[ Z_{\mathrm{audit}}^{(t+1)} \;\le\; Z_{\mathrm{audit}}^{(t)} \] whenever every step-$(t+1)$ receipt has $\Lambda > 0$. \textup{Lean:} \texttt{,Lutar/Thesis/TH_V18_01_LambdaMonotonicity.lean,Y,
v18,thm:schur-concave,theorem,For $x \prec y$ in the majorisation order~\cite{HLP1934}: \begin{equation} x \prec y \;\implies\; \Lambda_k(x) \;\le\; \Lambda_k(y). \end{equation} \textup{Lean:} \texttt{Lutar/Lambda/SchurConcave.lea,Lutar/Lambda/SchurConcave.lean,N,
v18,thm:quantum-lambda,theorem,"For density matrix $\rho$ and unitary $U$: \begin{align} \Lambda_{\mathrm{quantum}}(\rho) &\;\le\; 1, \\ \Lambda_{\mathrm{quantum}}(U\rho U^\dagger) &\;=\; \Lambda_{\mathrm{quantum}}(\rho). \end{align",,?,
v18,thm:wos-reuse,theorem,The Walk-on-Spheres estimator~\cite{dEon2023} for $\Lambda$-boundary conditions on domain $\Omega$ satisfies: \begin{enumerate} \item \textbf{Unbiasedness}: $\mathbb{E}[\hat{u}(x_0)] = u(x_0)$ for all,(no Lean — numerical witness only),N,
v18,thm:lambda-mp-inv,theorem,For any permutation $\sigma$ of $\mathcal{N}(v)$: $\Lambda^{(v)}_{\ell+1}(\sigma \cdot x) = \Lambda^{(v)}_{\ell+1}(x)$. \textup{Lean:} follows from Theorem~\ref{thm:graph-automorphism} by restricting ,Lutar/Thesis/TH_V18_09_PermutationInvariance.lean,N,
v18,thm:sparse-attn-bound,theorem,"\begin{equation} |\Lambda(\alpha) - \Lambda(\alpha^{(k)})| \;\le\; 2 \cdot \varepsilon(k, n). \end{equation} \textup{Lean (skeleton):} \texttt{thesis\_v18/lean\_skeletons/CursorBenchPACBayes.lean} (cl",,?,
v18,thm:topk-isomorphism,theorem,"Under permutation-invariant aggregation, the three top-$k$ operators -- $\Lambda$-MP (Def.~\ref{def:lambda-mp}), DSA (Def.~\ref{def:sparse-attn}), and TurboVec (Def.~\ref{def:turbovec}) -- are $\Lambd",Lutar/Thesis/TH_V18_09_PermutationInvariance.lean,N,
v18,thm:coe-soundness,theorem,"If all four CoE checks pass for every claim $c_i$ in chain $\mathcal{C}$, then $\mathcal{C}$ is CoE-sound: all numerical claims are within tolerance (I1); no specification violations (I2); all referen",,?,
v18,thm:coe-chain-integrity,theorem,"A CoE claim chain $\mathcal{C} = (c_1, \ldots, c_m)$ forms a morphism sequence in the receipt category $\mathcal{R}$ (Definition~\ref{def:receipt-category}). Its hash-chain integrity follows from Theo",,?,
v18,thm:coe-axis-map,theorem,"The CoE claim taxonomy maps bijectively onto $\Lambda$-axes: \begin{align*} \mathrm{citation} &\mapsto \lambda_6\,(\text{evidence}),\\ \mathrm{numerical} &\mapsto \lambda_6\,(\text{evidence}) \wedge \",,?,
v18,thm:lean-soundness,theorem,The Lean~4 kernel is sound with respect to the Calculus of Constructions extended with Quotient Types and Propositional Extensionality~\cite{MouraKN2021}. Any theorem passing \texttt{lake build Lutar},,?,
v18,thm:axiom-reduction,theorem,"The reduction from 24 axioms (v14) to 11 (v16) -- a 54\% decrease -- is, to the best of our search at the time of writing (2026-05-28; search scope: Lean~4 / Mathlib4 repository, Lean Together 2025 pr",,?,
v18,thm:zero-sorry-target,theorem,"Merging PR~\#56 (rebased) and PR~\#66 (fifth-pass drift fix) reduces the \texttt{sorry} count from 59 to $\le 10$, with the remaining sorrys confined to the \texttt{Topology/PersistentHomologyChain.le",,?,
v18,cor:interpretability,corollary,For any agent output $x \in \mathcal{A}_9$: \begin{equation} \min_i x_i \;\le\; \Lambda_9(x) \;\le\; \max_i x_i. \end{equation} This is the primary interpretability guarantee of the $\Lambda$-gate.,,?,
v18,cor:hoeffding,corollary,"\begin{equation} \Pr_{S \sim D^n}\!\bigl[\,R(Q) - \hat{R}_S(Q) \ge \varepsilon\,\bigr] \;\le\; e^{-2n\varepsilon^2}. \end{equation} \textup{Lean:} \texttt{Lutar/PACBayes.lean}, \texttt{hoeffding\_mgf\",,?,
v18,cor:psi2,corollary,"At $t = \sqrt{2n}$, the excess satisfies: \begin{equation} \mathbb{E}\!\bigl[e^{\sqrt{2n}\,\cdot\,\mathrm{excess}}\bigr] \;\le\; e^{1/4}, \end{equation} establishing $\|\mathrm{excess}\|_{\psi_2} \le ",,?,
v18,cor:governance-guarantee,corollary,"For any agent output $x \in \mathcal{A}_9$ passing the Ouroboros gate ($\Lambda_9(x) \ge \tau_{\min}$), the following hold simultaneously and are jointly verifiable by \texttt{lake build Lutar}: \begi",,?,
v18,def:lambda-vector,definition,"The \emph{$\Lambda$-axis governance vector} is \begin{equation} \Lambda \;=\; (\lambda_1,\ldots,\lambda_9) \;\in\; [0,1]^9, \end{equation} with axes: (1)~data, (2)~model, (3)~compute, (4)~behavior, (5",,?,
v18,def:lutar-axioms,definition,"An aggregator $\Phi \colon (\mathrm{Fin}\,k \to \mathbb{R}_{\ge 0}) \to \mathbb{R}_{\ge 0}$ satisfies the \emph{Lutar axioms} when: \begin{align} \text{A1 (Monotonicity):}&\quad \forall\,x,y,\; (\fora",Lutar/Thesis/TH_V18_01_LambdaMonotonicity.lean,Y,
v18,def:lambda-monotone,definition,"For two agent functions $f, g$, define pointwise meet $(\Lambda_1 \wedge \Lambda_2)_i := \min(\lambda_{1,i}, \lambda_{2,i})$. The system satisfies \emph{$\Lambda$-monotone composition} when \begin{equ",Lutar/Thesis/TH_V18_01_LambdaMonotonicity.lean,Y,
v18,def:receipt-category,definition,"The \emph{receipt chain category} $\mathcal{R}$ has: \begin{itemize} \item \textbf{Objects}: SHA-256-addressed agent states $S_0, S_1, \ldots$; \item \textbf{Morphisms}: receipts $r = (h_{\mathrm{prev",,?,
v18,def:audit-fibre,definition,"For target hash $h^*$, the \emph{audit fibre} is $\mathcal{F}(h^*) = \{r \in \mathcal{R}^* \mid h_r = h^*\}$. By A15, $|\mathcal{F}(h^*)| \le 1$ except with negligible probability.",Lutar/Thesis/TH_V18_01_LambdaMonotonicity.lean (A1),Y,
v18,def:dual-witness,definition,"Property $P$ has a \emph{dual witness} iff \begin{equation} \mathrm{DualWitness}(P) \;\iff\; \exists\, W_1 \ne W_2 \in \mathcal{W},\; W_1 \vDash P \;\wedge\; W_2 \vDash P, \end{equation} where $\mathc",,?,
v18,def:nchv,definition,The Cabello--Estebaranz--Garc\'ia-Alcaine (CEGA) structure~\cite{Cabello1996} consists of 18 vectors in $\mathbb{R}^4$ forming 9 orthogonal bases (contexts). An NCHV assignment $f \colon \mathrm{Fin}\,,?,
v18,def:pac-bayes-bound,definition,"\begin{equation} \mathrm{slack}(Q,P,n,\delta) \;:=\; \sqrt{\frac{\mathrm{KL}(Q \Vert P) + \ln\!\bigl(\tfrac{2\sqrt{n}}{\delta}\bigr)}{2n}}. \end{equation} \textup{Lean:} \texttt{Lutar/PACBayes.lean}, ",Lutar/PACBayes.lean (TH13),N,
v18,def:gateLID,definition,"The \emph{\(\Lambda\)GateLID} for threshold $\tau$ is $\{\pi \mid \forall i,\, \pi(i) \ge \tau\}$. The DPO Lipschitz constant is $L_\Lambda = 2$ (\texttt{Lutar/DPOFeasibility.lean}, \texttt{def gateLi","Lutar/DPOFeasibility.lean (TH12, 3 sorry)",N,
v18,def:path-integral,definition,"For execution path $\gamma = (S_0 \to S_1 \to \cdots \to S_T)$: \begin{align} \mathcal{S}[\gamma] &\;:=\; \sum_{t=1}^{T} \bigl[-\ln \Lambda(r_t) + \beta \cdot \mathrm{cost}(r_t)\bigr], \\ Z_{\mathrm{a",,?,
v18,def:lambda-mp,definition,"\begin{equation} \Lambda^{(v)}_{\ell+1} \;:=\; \Lambda_k\!\Bigl(\bigl\{\Lambda^{(u)}_\ell : u \in \mathcal{N}(v)\bigr\}\Bigr). \end{equation} \textup{Source:} v18.13 PyG graft, \texttt{LambdaMessagePa",,?,
v18,def:sparse-attn,definition,"Following rasbt/LLMs-from-scratch DSA~\cite{rasbtDSA} (Apache-2.0, SHA~\texttt{63224d6e}): a $k$-sparse attention pattern $\alpha^{(k)}$ satisfies $|\{i : \alpha^{(k)}_i > 0\}| \le k$, $\sum_i \alpha^",,?,
v18,def:turbovec,definition,"Following Zandieh, Daliri et al.~\cite{Zandieh2025} (TurboVec/TurboQuant): \begin{equation} \tilde{\alpha}^{(k)} \;=\; \mathrm{TopK}_{k}\!\bigl(\mathrm{softmax}(Q\tilde{K}^T/\sqrt{d})\bigr), \quad \|\",,?,
v18,def:coe-claim,definition,"Following ScientistOne~\cite{Meng2026} (arXiv:2605.26340): a CoE claim is $\mathrm{claim} = (\mathrm{typ}, \mathrm{content}, \mathrm{evidence}, \Lambda_{\mathrm{claim}})$ with $\mathrm{typ} \in \{\mat",,?,
v18,def:epistemic-floor,definition,Only kernel-verified theorems achieve $\lambda_6 = 1.0$. LLM-generated claims are capped at $\tau_{\mathrm{LLM}} = 0.75$. Unverified conjectures are capped at $\tau_{\mathrm{conj}} = 0.50$. \textup{Do,,?,
v18,thm:exit0,theorem,"Given \(\Pi_{\mathrm{green}}\) holds, the process \texttt{python3 OUROBOROS\_RUN\_ALL.py} exits with code~0. Conversely, if any module \(m_i\) raises an uncaught exception or asserts \texttt{False}, t",,?,
v18,thm:lambda-bounded,theorem,"For all axis vectors \((\lambda_1, \ldots, \lambda_9) \in [0,1]^9\), \[ 0 \;\leq\; \Lambda \;\leq\; 1. \] Equality \(\Lambda = 1\) holds if and only if \(\lambda_j = 1\) for all \(j\). Equality \(\Lam",Lutar/Bound.lean,Y,
v18,thm:dual-witness-soundness,theorem,"Under the collision-resistance assumption (axiom A15), an adversary cannot forge a \texttt{APPROVE} verdict for an action \(a\) with \(\Lambda(a) < \lambda_{\mathrm{crit}}\) without breaking SHA-256.",Lutar/Thesis/TH_V18_01_LambdaMonotonicity.lean (A1),Y,
v18,thm:doi-integrity,theorem,"A module \(m_i\) may claim a DOI \(d\) in its header only if: \begin{enumerate} \item \(d\) is listed in \texttt{\_MODULE\_DOIS}, \emph{and} \item an HTTP GET to \texttt{https://doi.org/}\(d\) returns",,?,
v18,thm:universal-composability,theorem,"Let $\mathcal{S}$ be any software system that (a)~exposes a Python or TypeScript callable boundary, and (b)~produces output events that can be represented as (input-hash, output-hash) pairs. Then the ",,?,
v18,def:green-gate,definition,A module \(m_i \in \mathcal{M}\) satisfies the GREEN gate if and only if \texttt{main()} returns without raising any exception and the process \texttt{sys.exit} code contributed by \(m_i\) is zero.,,?,
v18,def:receipt-impl,definition,"A \emph{receipt} is a tuple \(r = (\mathrm{id}, t, s_{\mathrm{in}}, s_{\mathrm{out}}, \Lambda, w_1, w_2, h_{\mathrm{prev}})\) where: \begin{itemize} \item \(\mathrm{id}\) is a UUID4 receipt identifier",,?,
v18,def:soft-gate,definition,A module action with \(\Lambda < \lambda_{\min}\) is flagged in the receipt as \texttt{WARN}; the action is \emph{allowed} but the flag is propagated to the Doctrine~v6 scanner.,,?,
v18,def:hard-gate,definition,A module action with \(\Lambda < \lambda_{\mathrm{crit}}\) is \emph{blocked}: the runner sets \texttt{G(m\_i) = 1} and the process exits~1.,,?,
v18,def:verifiable-governability,definition,A system \(S\) is \emph{verifiably governable} if and only if: \begin{enumerate} \item Every action $a$ produced by $S$ is associated with a receipt $r \in \mathcal{R}$ carrying a $\Lambda$-score $\La,,?,
v18,thm:axpo-gain,theorem,"Under AXPO with subgroup resampling, the average Pass@1 improves by $+1.8\,\mathrm{pp}$ over SFT+GRPO at the 8B parameter scale on nine multimodal benchmarks. Furthermore, SFT+AXPO at 8B surpasses the",,?,
v18,def:thinking-acting-gap,definition,Let \(\pi\) be an agentic policy with two action types: \(\mathcal{A}_T\) (thinking: self-contained reasoning steps) and \(\mathcal{A}_U\) (tool use: high-variance external actions). The \emph{Thinkin,,?,
v18,thm:rmf-completeness,theorem,"For any AI system $S$ instrumented with the SZL $\Lambda$-axis substrate, all four NIST AI RMF functions are operationally satisfied: GOVERN via Doctrine~v6 and the axiom ceiling; MAP via per-action 9",,?,
v18,def:governance-drift,definition,A session exhibits \emph{governance drift} if the linear regression coefficient of $\Lambda_k$ over $k$ is negative: \[ \hat{\beta} = \frac{\sum_{k=1}^{n}(k - \bar{k})(\Lambda_k - \bar{\Lambda})} {\su,,?,
v18,thm:quantum-decoherence,theorem,"Let $e : \mathrm{QuantumExecution}$ be a quantum-classical hybrid execution carrying a 9-axis classical score vector and a quantum register with purity $p = \mathrm{Tr}(\rho^2) \in (0, 1]$. Define the",,?,
v18,thm:quantum-chain-bound,theorem,"Let $e_1, e_2, \dots, e_n$ be quantum-classical executions sharing a common quantum register, where execution $e_j$ applies a CPTP map $\mathcal{N}_j$ to the register state. The composed execution $e_",,?,
v18,thm:lambda-composition,theorem,"Let $f$ and $g$ be composable substrate grafts with $\hat{\Lambda}(f), \hat{\Lambda}(g) : \mathrm{Fin}\,9 \to \mathbb{R}_{\geq 0}$. For every axis $i \in \{0,\dots,8\}$, \[ \hat{\Lambda}(g \circ f)_i ",Lutar/Composition/TH1_Composition.lean,N,
v18,thm:receipt-chain-cardinality,theorem,"Let $C = (r_0, r_1, \dots, r_{n-1})$ be a chain of $n$ receipts, each anchored by $h_j = \mathrm{SHA256}(r_j \,\|\, h_{j-1})$. In the random-oracle model, \[ \Pr[\text{no collision in } C] \;\geq\; 1 ",Lutar/Invariant.lean (A2 zero-pin),Y,
v18,thm:wos-pi-equiv,theorem,"Let $D \subset \mathbb{R}^d$ be a bounded domain, $\phi : D \to \mathbb{R}_{\geq 0}$ an audit functional, $\mu$ the absorbed Wiener measure. Define the v15 \emph{path-integral audit sum} $\mathcal{A}_",,?,
v18,thm:axpo-coe,theorem,"Let $\mathcal{M}$ be an AXPO-trained agent and $\mathcal{C} = (C_1, C_2, C_3, C_4)$ a ScientistOne Chain-of-Evidence with four audit layers. If all four audits pass, then $\mathcal{M}$'s output passes",,?,
v18,thm:sovereign-lambda,theorem,"Let $\mathcal{G} := \mathcal{G}_\mathrm{TurboVec} \circ \mathcal{G}_\mathrm{IQT} \circ \mathcal{G}_\mathrm{UDS\text{-}AirGap}$. \begin{enumerate} \item For axes $i \in \{3, 6, 7\}$ (Governance, Sovere",,?,
v18,thm:openmdw-provenance,theorem,"Let $\mathcal{L}$ be the OpenMDW model-license DAG and $\mathcal{D}$ the HuggingFace dataset-lineage DAG. The merged DAG $(\mathcal{L} \cup \mathcal{D}, \leq_P)$ has a linear extension in which every ",,?,
v18,thm:cursorbench-pacbayes,theorem,"Let $\mathcal{H}$ be the class of agentic IDE configurations (Cursor rules $R$, subagents $A$, MCP servers $S$), and $\ell : \mathcal{H} \times \mathcal{Z} \to [0,1]$ the $\mathrm{Pass}@k$ loss. With ",,?,
v18,thm:doctrine-compositionality,theorem,The Doctrine~v6 predicate $\mathcal{D}_6(M)$ is closed under module union: \[ \bigwedge_{j=1}^{n} \mathcal{D}_6(M_j) \;\implies\; \mathcal{D}_6\!\Bigl(\bigcup_{j=1}^{n} M_j\Bigr). \],Lutar/Composition/TH1_Composition.lean,N,
v18,thm:materialx-lambda,theorem,"Let $G = (N, E, \ell)$ be a MaterialX node graph with \texttt{lambda\_receipt} attributes. Suppose the \emph{receipt-flow invariant} holds: $\hat{\Lambda}(\ell(v))_i \leq \hat{\Lambda}(\ell(u))_i$ for",,?,
v18,thm:nist-rmf-functor,theorem,"Define categories $\mathbf{RMF}$ (objects: GOVERN, MAP, MEASURE, MANAGE; morphisms: tier-inclusion maps) and $\mathbf{\Lambda}$ (objects: $\mathrm{Fin}\,9$; morphisms: monotone maps on $[0,1]^9$). The",Lutar/Thesis/TH_V18_01_LambdaMonotonicity.lean,Y,
v18,thm:wos-convergence,theorem,Let $\hat{\mathcal{A}}^{(m)}_\mathrm{WoS}(x)$ denote the Monte Carlo estimator of $\mathcal{A}_\mathrm{WoS}(x)$ using $m$ independent WoS paths. Under the assumption that $\phi$ is $L$-Lipschitz on $D,,?,
v18,thm:cross-domain-sovereign,theorem,"Let $\mathcal{G}_A$ and $\mathcal{G}_B$ be two sovereign-AI graft pipelines operating in disjoint deployment domains $\mathcal{D}_A$ and $\mathcal{D}_B$ (e.g.\ air-gapped cloud vs.\ tactical edge), ea",,?,
v18,thm:nist-oper-completeness,theorem,"Let $F : \mathbf{RMF} \to \mathbf{\Lambda}$ be the functor from Theorem~\ref{thm:nist-rmf-functor}. For any SZL substrate module $M$ that passes Doctrine~v6 (i.e.\ $\mathcal{D}_6(M)$ holds), let $\Lam",,?,
v18,thm:openmdw-grant,theorem,"Let $\mathrm{Grant}(r)$ denote the OpenMDW-1.1 grant scope (copyright, patent, database, trade-secret, royalty-free flags) associated with provenance record $r$. Let $r_1 \leq_P r_2$ in the total prov",,?,
v18,thm:thv18-01,theorem,"\begin{verbatim} theorem th_v18_06_terminates (s0 : AgentState) : exists n : Nat, n <= turnBudget s0 + 1 /\ Nat.iterate agentStep n s0 = .Done \end{verbatim}",Lutar/Thesis/TH_V18_01_AgentLoopTerminates.lean,N,
v18,thm:thv18-02,theorem,\begin{verbatim} theorem th_v18_02_doctrine_alphabet_size_4 : Fintype.card DoctrineLabel = 4 \end{verbatim},,?,
v18,thm:thv18-03,theorem,\begin{verbatim} theorem th_v18_03_kraft_equality : (Finset.univ : Finset DoctrineLabel).sum (fun l => (1 : Real) / 2 ^ codewordLen l) = 1 \end{verbatim},Lutar/Thesis/TH_V18_03_KraftInequality.lean,N,
v18,thm:thv18-04,theorem,\begin{verbatim} theorem th_v18_04_egyptian_weight_sum (k : Nat) (hk : 0 < k) : (Finset.range k).sum (fun _ => (1 : Rat) / k) = 1 \end{verbatim},Lutar/Egyptian.lean,Y,
v18,thm:thv18-05,theorem,\begin{verbatim} theorem th_v18_05_receipt_transduction_invariant (r : Receipt) (h : Codec.decode (Codec.encode r) = some r) : (Codec.decode (Codec.encode r)).map Receipt.contentId = some r.contentId ,Lutar/Transduction/ReceiptInvariant.lean,N,
v18,thm:thv18-06,theorem,\begin{verbatim} theorem th_v18_06_brahmi_distinction : Option.some (0 : Int) <> Option.none \end{verbatim},,?,
v18,thm:thv18-07,theorem,\begin{verbatim} theorem th_v18_07_chain_length_4 : feynmanCitationChain.length = 4 \end{verbatim},Lutar/Feynman/PathIntegralAuditSum.lean,N,
v18,thm:thv18-08,theorem,\begin{verbatim} theorem th_v18_08_pendant_value_is_sum (r : OrganReceipt) : pendantValue r = (r.decisions.map decisionValue).sum theorem th_v18_08b_root_value_is_sum (r : KhipuRootReceipt) : rootValu,Lutar/Khipu/SummationInvariant.lean (TH11),N,
v18,thm:thv18-09,theorem,\begin{verbatim} theorem th_v18_09a_product_comm (a b : Nat) : a * b = b * a theorem th_v18_09b_two_axis_gm_symmetric (a b : Nat) : geometricMeanTwoAxis a b = geometricMeanTwoAxis b a \end{verbatim},Lutar/Invariant.lean,Y,
v18,thm:thv18-10,theorem,\begin{verbatim} theorem th_v18_10_append_increases_sum (l : List Nat) (delta : Nat) (hdelta : 0 < delta) : l.sum < (l ++ [delta]).sum theorem th_v18_10b_sum_append (l1 l2 : List Nat) : (l1 ++ l2).sum,,?,
v18,thm:thv18-11,theorem,"\begin{verbatim} theorem th_v18_11a_const_stabilizes (c : Nat) : forall n, (fun _ => c) n = (fun _ => c) 0 \end{verbatim}",,?,
v18,thm:thv18-12,theorem,\begin{verbatim} theorem th_v18_12a_product_rearrange (a b c d : Nat) : (a * b) * (c * d) = (a * c) * (b * d) theorem th_v18_12b_two_axis_product (x0 x1 y0 y1 : Nat) : (x0 * y0) * (x1 * y1) = (x0 * x1,,?,
v18,thm:thv18-13,theorem,\begin{verbatim} theorem th_v18_13a_id_monotone : IsNatMonotone id theorem th_v18_13b_const_monotone (c : Nat) : IsNatMonotone (fun _ => c) \end{verbatim},Lutar/Thesis/TH_V18_01_LambdaMonotonicity.lean,Y,
v18,thm:thv18-14,theorem,"\begin{verbatim} axiom sha256_collision_resistant : forall (b1 b2 : ReceiptBlob), sha256 b1 = sha256 b2 -> b1 = b2 \end{verbatim}",Lutar/Invariant.lean (A2 zero-pin),Y,
v18,thm:thv18-15,theorem,\begin{verbatim} /-- A bounded agent terminates within its fuel budget. -/ theorem th_v18_15a_bounded_agent_terminates (a : Agent) (n : Nat) (h_bounded : IsBoundedAgent a n) : AgentTerminates a n \end,Lutar/Thesis/TH_V18_01_AgentLoopTerminates.lean,N,
v18,thm:thv18-16,theorem,"\begin{verbatim} theorem th_v18_16a_all_citations_nonempty : forall step in feynmanLineage, step.citation <> """" theorem th_v18_16b_chain_has_four_steps : feynmanLineage.length = 4 \end{verbatim}",Lutar/Feynman/PathIntegralAuditSum.lean,N,
v19,conj:lambda-uniqueness,conjecture,"Let $\Lambda : [0,1]^k \to [0,1]$ satisfy: \emph{(A1)} monotonicity, \emph{(A2)} positive homogeneity of degree 1, \emph{(A3)} Egyptian-exact diagonal normalization, and \emph{(A4)} bounded by max axi",Lutar/Thesis/TH_V18_01_LambdaMonotonicity.lean,Y,
v20,def:lambda,definition,"For $k \geq 1$ and an axis vector $x \in [0,1]^k$, the Lutar invariant is: \[ \Lambda(x) \;=\; \left(\prod_{i=1}^{k} x_i\right)^{1/k} \] with Egyptian unit-fraction weights $w_i = 1/k$ for all $i$. In",Lutar/Egyptian.lean,Y,
v20,conj:lambda-uniqueness,conjecture,"Let $\Lambda : [0,1]^k \to [0,1]$ satisfy A1 (monotonicity), A2 (positive homogeneity of degree 1), A3 (Egyptian-exact diagonal normalization), and A4 (bounded by max axis). Then \[ \Lambda(x) \;=\; \",Lutar/Thesis/TH_V18_01_LambdaMonotonicity.lean,Y,
v20,"R1, single-axis repack",conjecture,"For any single-axis rewrite $r$ that acts as the identity on coordinate $i$, $\Lambda(r(x)) = \Lambda(x)$ for all $x$.",,?,
v20,"R2, independent commute",conjecture,"Let $r_1, r_2$ act on disjoint axis subsets. If each is $\Lambda$-invariant, then so is $r_1 \circ r_2$.",,?,
v20,"R3, receipt-chain associativity",conjecture,$\Lambda$-invariance is closed under composition of rewrites.,Lutar/Composition/TH1_Composition.lean,N,
